year,area,zip_code,moisture,kernel_weight,actual_wheat_ash,falling_no,protein_12,ZIP,COUNTY,FIPScounty,aggRain,meanAvgT,aggGDD,meanMaxVPD,meanMaxRH,meanMinRH
2016.0,Area 01 - North Central Texas,79235,12.0,33.68,0.0405,356.0,11.01,79235,48153,48153,1088.2719710250003,285.85923287709505,4545.820435987505,0.7306616682647864,76.06186643994411,25.852364775139687
2016.0,Area 01 - North Central Texas,79311,11.0,30.35,0.035,329.0,10.77752809,79311,48189,48189,1027.526386135,285.614398407821,4490.740717944997,0.7406380314834303,75.80366032821227,25.08362015921785
2016.0,Area 01 - North Central Texas,79041,12.4,31.07,0.0437,359.0,11.82374429,79041,48189,48189,1027.526386135,285.614398407821,4490.740717944997,0.7406380314834303,75.80366032821227,25.08362015921785
2016.0,Area 01 - North Central Texas,79072,10.5,34.75,0.043,311.0,9.478435754,79072,48189,48189,1027.526386135,285.614398407821,4490.740717944997,0.7406380314834303,75.80366032821227,25.08362015921785
2016.0,Area 03 - Northwest Oklahoma,73727,10.95,34.22,0.032,403.0,11.75968557,73727,40047,40047,1568.1666942499023,285.49816009776566,4433.060125859003,0.45210929628009516,83.02131721368708,36.50668175139661
2016.0,Area 03 - Northwest Oklahoma,73735,10.35,31.82,0.0465,407.0,11.94601227,73735,40047,40047,1568.1666942499023,285.49816009776566,4433.060125859003,0.45210929628009516,83.02131721368708,36.50668175139661
2016.0,Area 03 - Northwest Oklahoma,73738,10.75,27.13,0.045,421.0,11.07271709,73738,40047,40047,1568.1666942499023,285.49816009776566,4433.060125859003,0.45210929628009516,83.02131721368708,36.50668175139661
2016.0,Area 03 - Northwest Oklahoma,74640,10.35,33.37,0.0444,412.0,11.49447853,74640,40047,40047,1568.1666942499023,285.49816009776566,4433.060125859003,0.45210929628009516,83.02131721368708,36.50668175139661
2016.0,Area 03 - Northwest Oklahoma,73720,10.05,28.9,0.042,381.0,11.76920511,73720,40047,40047,1568.1666942499023,285.49816009776566,4433.060125859003,0.45210929628009516,83.02131721368708,36.50668175139661
2016.0,Area 04 - Texas Panhandle,79045,10.1,28.96,0.049,349.0,12.80355951,79045,48117,48117,878.0614500866,284.6375750139665,4180.792233266997,0.7209643417923726,76.58423277793298,24.745371576815632
2016.0,Area 04 - Texas Panhandle,79035,9.95,27.16,0.044000000000000004,407.0,13.75946696,79035,48369,48369,816.6866092772199,284.80919581005577,4276.910464557505,0.7526970149088041,75.85196377374307,23.948084287011152
2016.0,Area 04 - Texas Panhandle,79035,9.2,32.35,0.0367,381.0,13.54889868,79035,48369,48369,816.6866092772199,284.80919581005577,4276.910464557505,0.7526970149088041,75.85196377374307,23.948084287011152
2016.0,Area 04 - Texas Panhandle,79009,9.95,28.86,0.0431,410.0,13.39789006,79009,48369,48369,816.6866092772199,284.80919581005577,4276.910464557505,0.7526970149088041,75.85196377374307,23.948084287011152
2016.0,Area 04 - Texas Panhandle,79029,11.95,33.41,0.0499,368.0,12.11311755,79029,48341,48341,787.6396406633993,284.4310561312852,4081.1350350200005,0.6685611689943803,78.41844189106145,25.825292610335197
2016.0,Area 04 - Texas Panhandle,79070,11.35,31.03,0.046,319.0,13.07343486,79070,48357,48357,978.0311414095997,284.80027624301664,4238.6901014840005,0.6263984936386823,80.17564060614525,27.045539152234635
2016.0,Area 04 - Texas Panhandle,79093,11.6,29.66,0.0465,360.0,10.95022624,79093,48357,48357,978.0311414095997,284.80027624301664,4238.6901014840005,0.6263984936386823,80.17564060614525,27.045539152234635
2016.0,Area 04 - Texas Panhandle,79068,10.85,29.7,0.0475,377.0,12.54604599,79068,48065,48065,893.6866380089003,285.29279854748586,3229.8878746849987,0.605996369961847,80.19843677839847,26.9559882867784
2016.0,Area 04 - Texas Panhandle,73960,10.8,33.16,0.0466,364.0,11.07892377,73960,48421,48421,830.8126004634695,284.30663906424576,4060.289666268999,0.6526106054830627,78.71882127234642,25.512425861731842
2016.0,Area 04 - Texas Panhandle,79086,10.15,27.79,0.0499,331.0,12.92821369,79086,48341,48341,787.6396406633993,284.4310561312852,4081.1350350200005,0.6685611689943803,78.41844189106145,25.825292610335197
2016.0,Area 04 - Texas Panhandle,79086,9.3,31.1,0.0466,372.0,12.85556781,79086,48341,48341,787.6396406633993,284.4310561312852,4081.1350350200005,0.6685611689943803,78.41844189106145,25.825292610335197
2016.0,Area 04 - Texas Panhandle,79081,10.75,30.1,0.044000000000000004,352.0,12.48268908,79081,48195,48195,346.20937049070005,284.68305759776536,2123.7319726799997,0.6842386080993687,78.42342270670385,25.330824229050286
2016.0,Area 04 - Texas Panhandle,79040,10.2,31.36,0.046,366.0,11.24988864,79040,48195,48195,346.20937049070005,284.68305759776536,2123.7319726799997,0.6842386080993687,78.42342270670385,25.330824229050286
2016.0,Area 04 - Texas Panhandle,79039,10.2,31.33,0.0525,347.0,10.59331849,79039,48065,48065,893.6866380089003,285.29279854748586,3229.8878746849987,0.605996369961847,80.19843677839847,26.9559882867784
2016.0,Area 04 - Texas Panhandle,79097,9.35,31.36,0.0499,367.0,12.79470491,79097,48065,48065,893.6866380089003,285.29279854748586,3229.8878746849987,0.605996369961847,80.19843677839847,26.9559882867784
2016.0,Area 04 - Texas Panhandle,79068,11.4,30.51,0.048,358.0,11.63069977,79068,48065,48065,893.6866380089003,285.29279854748586,3229.8878746849987,0.605996369961847,80.19843677839847,26.9559882867784
2016.0,Area 06A - S. Central Kansas,67013,11.5,32.35,0.0435,385.0,10.41084746,67013,20191,20191,1286.5018816589,284.6363568342644,3173.174622923001,0.4137006989795083,83.72265588081933,38.03249287337058
2016.0,Area 06A - S. Central Kansas,67031,10.9,30.76,0.0351,388.0,10.15308642,67031,20191,20191,1286.5018816589,284.6363568342644,3173.174622923001,0.4137006989795083,83.72265588081933,38.03249287337058
2016.0,Area 06A - S. Central Kansas,67031,10.9,30.76,0.0351,388.0,10.15308642,67031,20173,20173,1263.2486145042699,284.2431493109872,2953.2536313370006,0.45081135124548954,81.54980850279328,36.158846638733685
2016.0,Area 06A - S. Central Kansas,67119,11.8,30.73,0.0499,335.0,9.448526077,67119,20035,20035,1290.4666952017,284.79466819366854,3114.2342833602975,0.47488792271793895,81.28497237243967,35.884961843575425
2016.0,Area 06A - S. Central Kansas,67119,11.8,30.73,0.0499,335.0,9.448526077,67119,20191,20191,1286.5018816589,284.6363568342644,3173.174622923001,0.4137006989795083,83.72265588081933,38.03249287337058
2016.0,Area 06A - S. Central Kansas,67103,11.75,30.95,0.0496,397.0,10.15116147,67103,20191,20191,1286.5018816589,284.6363568342644,3173.174622923001,0.4137006989795083,83.72265588081933,38.03249287337058
2016.0,Area 06A - S. Central Kansas,67152,10.5,30.22,0.0484,405.0,10.28469274,67152,20191,20191,1286.5018816589,284.6363568342644,3173.174622923001,0.4137006989795083,83.72265588081933,38.03249287337058
2016.0,Area 06A - S. Central Kansas,67152,10.5,32.38,0.045,367.0,10.18636872,67152,20191,20191,1286.5018816589,284.6363568342644,3173.174622923001,0.4137006989795083,83.72265588081933,38.03249287337058
2016.0,Area 06A - S. Central Kansas,67140,10.7,30.02,0.0476,389.0,9.302575588,67140,20191,20191,1286.5018816589,284.6363568342644,3173.174622923001,0.4137006989795083,83.72265588081933,38.03249287337058
2016.0,Area 06A - S. Central Kansas,67156,11.55,30.27,0.053,395.0,10.88434144,67156,20035,20035,1290.4666952017,284.79466819366854,3114.2342833602975,0.47488792271793895,81.28497237243967,35.884961843575425
2016.0,Area 06A - S. Central Kansas,67152,11.0,30.94,0.0488,379.0,10.0458427,67152,20191,20191,1286.5018816589,284.6363568342644,3173.174622923001,0.4137006989795083,83.72265588081933,38.03249287337058
2016.0,Area 06A - S. Central Kansas,67108,11.6,32.4,0.0497,354.0,10.07420814,67108,20173,20173,1263.2486145042699,284.2431493109872,2953.2536313370006,0.45081135124548954,81.54980850279328,36.158846638733685
2016.0,Area 06A - S. Central Kansas,67146,11.9,30.11,0.049,387.0,10.11350738,67146,20035,20035,1290.4666952017,284.79466819366854,3114.2342833602975,0.47488792271793895,81.28497237243967,35.884961843575425
2016.0,Area 06A - S. Central Kansas,67146,11.9,30.11,0.049,387.0,10.11350738,67146,20191,20191,1286.5018816589,284.6363568342644,3173.174622923001,0.4137006989795083,83.72265588081933,38.03249287337058
2016.0,Area 06A - S. Central Kansas,67110,11.9,29.6,0.052000000000000005,392.0,11.6677412,67110,20191,20191,1286.5018816589,284.6363568342644,3173.174622923001,0.4137006989795083,83.72265588081933,38.03249287337058
2016.0,Area 06A - S. Central Kansas,67110,11.9,29.6,0.052000000000000005,392.0,11.6677412,67110,20035,20035,1290.4666952017,284.79466819366854,3114.2342833602975,0.47488792271793895,81.28497237243967,35.884961843575425
2016.0,Area 06A - S. Central Kansas,67110,11.9,29.6,0.052000000000000005,392.0,11.6677412,67110,20173,20173,1263.2486145042699,284.2431493109872,2953.2536313370006,0.45081135124548954,81.54980850279328,36.158846638733685
2016.0,Area 06A - S. Central Kansas,67107,11.7,30.9,0.0488,346.0,12.88607022,67107,20079,20079,1744.9379883669692,283.8277130586591,3861.0993369010007,0.3804318735565262,84.12692177374304,37.312023258379874
2016.0,Area 06A - S. Central Kansas,67107,11.7,30.9,0.0488,346.0,12.88607022,67107,20113,20113,1636.196886162751,283.5517720251398,3791.6871650770004,0.3540585142566856,85.26337140782117,37.204835807262576
2016.0,Area 06A - S. Central Kansas,67107,11.9,32.74,0.0482,379.0,10.31827469,67107,20079,20079,1744.9379883669692,283.8277130586591,3861.0993369010007,0.3804318735565262,84.12692177374304,37.312023258379874
2016.0,Area 06A - S. Central Kansas,67107,11.9,32.74,0.0482,379.0,10.31827469,67107,20113,20113,1636.196886162751,283.5517720251398,3791.6871650770004,0.3540585142566856,85.26337140782117,37.204835807262576
2016.0,Area 06A - S. Central Kansas,67107,11.3,31.23,0.0499,366.0,9.821871477,67107,20079,20079,1744.9379883669692,283.8277130586591,3861.0993369010007,0.3804318735565262,84.12692177374304,37.312023258379874
2016.0,Area 06A - S. Central Kansas,67107,11.3,31.23,0.0499,366.0,9.821871477,67107,20113,20113,1636.196886162751,283.5517720251398,3791.6871650770004,0.3540585142566856,85.26337140782117,37.204835807262576
2016.0,Area 06A - S. Central Kansas,67151,12.85,30.05,0.0525,331.0,10.78416523,67151,20115,20115,1621.524083391299,283.4495815502794,3739.789034889002,0.38360857413118427,83.73071249581004,38.2093416571229
2016.0,Area 06A - S. Central Kansas,67151,12.85,30.05,0.0525,331.0,10.78416523,67151,20079,20079,1744.9379883669692,283.8277130586591,3861.0993369010007,0.3804318735565262,84.12692177374304,37.312023258379874
2016.0,Area 06A - S. Central Kansas,67152,10.85,30.01,0.0503,367.0,9.920358946,67152,20191,20191,1286.5018816589,284.6363568342644,3173.174622923001,0.4137006989795083,83.72265588081933,38.03249287337058
2016.0,Area 06A - S. Central Kansas,67056,11.3,33.82,0.0492,363.0,10.49650507,67056,20079,20079,1744.9379883669692,283.8277130586591,3861.0993369010007,0.3804318735565262,84.12692177374304,37.312023258379874
2016.0,Area 06A - S. Central Kansas,67068,10.5,32.5,0.043,357.0,11.38592179,67068,20095,20095,1526.8336724625003,284.1440985335199,3991.5181879900033,0.41622196311713133,84.14991410195536,34.56921458379888
2016.0,Area 06A - S. Central Kansas,67022,10.7,31.66,0.0496,394.0,9.677043673,67022,20191,20191,1286.5018816589,284.6363568342644,3173.174622923001,0.4137006989795083,83.72265588081933,38.03249287337058
2016.0,Area 06A - S. Central Kansas,67035,10.9,28.48,0.0476,378.0,9.965432099,67035,20095,20095,1526.8336724625003,284.1440985335199,3991.5181879900033,0.41622196311713133,84.14991410195536,34.56921458379888
2016.0,Area 06A - S. Central Kansas,67035,10.9,28.48,0.0476,378.0,9.965432099,67035,20151,20151,715.8705103993398,284.2117598044694,1991.9877947313994,0.2952848985487902,88.30766995810059,35.6615857234637
2016.0,Area 06A - S. Central Kansas,67025,11.05,30.3,0.0491,371.0,9.438111297999999,67025,20173,20173,1263.2486145042699,284.2431493109872,2953.2536313370006,0.45081135124548954,81.54980850279328,36.158846638733685
2016.0,Area 06A - S. Central Kansas,67025,11.05,30.3,0.0491,371.0,9.438111297999999,67025,20095,20095,1526.8336724625003,284.1440985335199,3991.5181879900033,0.41622196311713133,84.14991410195536,34.56921458379888
2016.0,Area 06A - S. Central Kansas,67005,10.5,24.08,0.0528,362.0,11.73988827,67005,20035,20035,1290.4666952017,284.79466819366854,3114.2342833602975,0.47488792271793895,81.28497237243967,35.884961843575425
2016.0,Area 06A - S. Central Kansas,67159,11.7,33.05,0.048,370.0,10.02582106,67159,20095,20095,1526.8336724625003,284.1440985335199,3991.5181879900033,0.41622196311713133,84.14991410195536,34.56921458379888
2016.0,Area 06A - S. Central Kansas,67065,11.0,30.29,0.0493,440.0,10.36224719,67065,20151,20151,715.8705103993398,284.2117598044694,1991.9877947313994,0.2952848985487902,88.30766995810059,35.6615857234637
2016.0,Area 06A - S. Central Kansas,67112,12.1,34.57,0.048,392.0,10.16154721,67112,20095,20095,1526.8336724625003,284.1440985335199,3991.5181879900033,0.41622196311713133,84.14991410195536,34.56921458379888
2016.0,Area 06A - S. Central Kansas,67578,12.6,39.86,0.0496,390.0,11.56887872,67578,20185,20185,681.8682992913003,284.53407005586604,1975.3116748500004,0.42204981266737956,84.69013741061457,32.62437004748604
2016.0,Area 06A - S. Central Kansas,67557,11.6,28.43,0.0536,406.0,12.89140271,67557,20185,20185,681.8682992913003,284.53407005586604,1975.3116748500004,0.42204981266737956,84.69013741061457,32.62437004748604
2016.0,Area 06A - S. Central Kansas,67557,11.6,28.43,0.0536,406.0,12.89140271,67557,20151,20151,715.8705103993398,284.2117598044694,1991.9877947313994,0.2952848985487902,88.30766995810059,35.6615857234637
2016.0,Area 06A - S. Central Kansas,67576,12.2,32.47,0.0445,348.0,11.07517084,67576,20185,20185,681.8682992913003,284.53407005586604,1975.3116748500004,0.42204981266737956,84.69013741061457,32.62437004748604
2016.0,Area 06A - S. Central Kansas,67550,11.95,28.39,0.0494,379.0,12.73276547,67550,20145,20145,638.0849233810999,284.31356167597755,1951.3228474190003,0.41533977088834945,85.1511623407821,32.022280804469275
2016.0,Area 06A - S. Central Kansas,67059,12.1,29.22,0.0466,355.0,11.31285552,67059,20151,20151,715.8705103993398,284.2117598044694,1991.9877947313994,0.2952848985487902,88.30766995810059,35.6615857234637
2016.0,Area 06A - S. Central Kansas,67124,11.1,29.31,0.0466,371.0,10.45309336,67124,20151,20151,715.8705103993398,284.2117598044694,1991.9877947313994,0.2952848985487902,88.30766995810059,35.6615857234637
2016.0,Area 06A - S. Central Kansas,67550,11.0,34.17,0.0476,388.0,11.77617978,67550,20145,20145,638.0849233810999,284.31356167597755,1951.3228474190003,0.41533977088834945,85.1511623407821,32.022280804469275
2016.0,Area 06 - Southwest Kansas,67954,9.65,31.82,0.0425,369.0,9.934698395,67954,20129,20129,813.7580746108,283.81158301675964,3911.778049544998,0.6304256673621131,79.24393434916207,25.789716018854772
2016.0,Area 06 - Southwest Kansas,67952,10.45,31.52,0.0431,377.0,11.49748744,67952,20189,20189,521.7342986058001,283.993664953445,2965.2796016870006,0.6399431963216331,79.23529178770949,25.519816560521402
2016.0,Area 06 - Southwest Kansas,67950,11.9,28.61,0.0446,381.0,11.476958,67950,20129,20129,813.7580746108,283.81158301675964,3911.778049544998,0.6304256673621131,79.24393434916207,25.789716018854772
2016.0,Area 06 - Southwest Kansas,67953,9.25,28.8,0.0446,400.0,13.43030303,67953,20129,20129,813.7580746108,283.81158301675964,3911.778049544998,0.6304256673621131,79.24393434916207,25.789716018854772
2016.0,Area 06 - Southwest Kansas,67846,9.9,32.87,0.0398,387.0,12.11098779,67846,20069,20069,733.5372400072999,283.45677806331474,2849.201232576002,0.5096077546776371,82.9446756163873,28.118491383612707
2016.0,Area 06 - Southwest Kansas,67837,9.65,32.4,0.0494,387.0,13.83065855,67837,20069,20069,733.5372400072999,283.45677806331474,2849.201232576002,0.5096077546776371,82.9446756163873,28.118491383612707
2016.0,Area 06 - Southwest Kansas,67855,9.1,30.06,0.0477,426.0,12.92409241,67855,20187,20187,551.3120549691001,283.8872264804469,2942.083280876001,0.5418069300024756,82.60685607076358,26.462574179702052
2016.0,Area 06 - Southwest Kansas,67846,10.2,32.4,0.0441,394.0,12.62182628,67846,20069,20069,733.5372400072999,283.45677806331474,2849.201232576002,0.5096077546776371,82.9446756163873,28.118491383612707
2016.0,Area 06 - Southwest Kansas,67855,8.9,33.42,0.045,414.0,13.31108672,67855,20187,20187,551.3120549691001,283.8872264804469,2942.083280876001,0.5418069300024756,82.60685607076358,26.462574179702052
2016.0,Area 06 - Southwest Kansas,67880,9.05,28.3,0.0464,418.0,11.35920836,67880,20067,20067,832.1772929955002,283.42505245810077,3846.9782405462993,0.4991126348119468,83.80873942039106,27.287932356145234
2016.0,Area 06 - Southwest Kansas,67838,10.35,35.51,0.0458,369.0,10.28711656,67838,20093,20093,545.5676263804997,283.36295802607066,2817.8870253990003,0.5798430718546191,80.97424891806334,26.25965706517695
2016.0,Area 06 - Southwest Kansas,67838,9.75,36.1,0.0498,375.0,12.22736842,67838,20093,20093,545.5676263804997,283.36295802607066,2817.8870253990003,0.5798430718546191,80.97424891806334,26.25965706517695
2016.0,Area 06 - Southwest Kansas,67901,10.35,30.8,0.0456,407.0,11.2,67901,20175,20175,303.5388616419001,285.04971279329607,1050.6200854400006,0.39629351008782127,86.4140400111732,27.58396608379887
2016.0,Area 06 - Southwest Kansas,67835,9.85,35.46,0.0488,356.0,10.93288963,67835,20069,20069,733.5372400072999,283.45677806331474,2849.201232576002,0.5096077546776371,82.9446756163873,28.118491383612707
2016.0,Area 06 - Southwest Kansas,67853,10.2,32.02,0.0444,396.0,10.72071269,67853,20069,20069,733.5372400072999,283.45677806331474,2849.201232576002,0.5096077546776371,82.9446756163873,28.118491383612707
2016.0,Area 06 - Southwest Kansas,67862,8.4,28.65,0.0496,393.0,12.85414847,67862,20187,20187,551.3120549691001,283.8872264804469,2942.083280876001,0.5418069300024756,82.60685607076358,26.462574179702052
2016.0,Area 06 - Southwest Kansas,67860,10.4,35.23,0.0454,371.0,12.69910714,67860,20093,20093,545.5676263804997,283.36295802607066,2817.8870253990003,0.5798430718546191,80.97424891806334,26.25965706517695
2016.0,Area 07 - Southeast Kansas,67356,13.2,36.68,0.0492,364.0,10.21935484,67356,20021,20021,2106.5519421536283,284.50022129888276,3998.1358004770004,0.345112817339655,84.06588919832393,43.188639132681544
2016.0,Area 07 - Southeast Kansas,66748,12.7,35.51,0.048,391.0,10.60435281,66748,20133,20133,1917.0131486861974,284.07997561452515,3911.1647312029995,0.31963646557848174,85.31264736871512,42.49382173184354
2016.0,Area 07 - Southeast Kansas,66716,11.5,32.6,0.0462,408.0,9.854011299,66716,20011,20011,2126.383085846598,283.9761817737433,3883.416226641,0.34470803022433016,83.92134206564245,42.57305863966475
2016.0,Area 07 - Southeast Kansas,66713,11.75,35.96,0.0458,379.0,9.742322946,66713,20021,20021,2106.5519421536283,284.50022129888276,3998.1358004770004,0.345112817339655,84.06588919832393,43.188639132681544
2016.0,Area 07 - Southeast Kansas,66860,12.8,34.0,0.0481,382.0,10.21284404,66860,20111,20111,1715.7383463917004,283.22304513966446,3658.2479505200013,0.3489717337309643,84.31427581564239,40.4673839930168
2016.0,Area 07 - Southeast Kansas,66762,11.3,33.5,0.0473,388.0,9.494475761,66762,20021,20021,2106.5519421536283,284.50022129888276,3998.1358004770004,0.345112817339655,84.06588919832393,43.188639132681544
2016.0,Area 07 - Southeast Kansas,66725,11.8,34.94,0.0516,358.0,9.558276644,66725,20021,20021,2106.5519421536283,284.50022129888276,3998.1358004770004,0.345112817339655,84.06588919832393,43.188639132681544
2016.0,Area 07 - Southeast Kansas,67337,12.0,35.32,0.0517,354.0,8.96,67337,20125,20125,1793.7274209550008,284.5259123463687,4070.5237401570007,0.3453422776648364,84.67345268156431,40.7737412346369
2016.0,Area 07 - Southeast Kansas,66857,12.65,36.5,0.0484,395.0,10.00389239,66857,20031,20031,1738.1054745727,283.36084497206696,3716.5362264799974,0.3431795252210979,84.30070957262578,40.98893456843574
2016.0,Area 07 - Southeast Kansas,66773,11.95,33.78,0.0494,368.0,9.304713231000001,66773,20021,20021,2106.5519421536283,284.50022129888276,3998.1358004770004,0.345112817339655,84.06588919832393,43.188639132681544
2016.0,Area 07 - Southeast Kansas,66720,12.2,34.23,0.0483,387.0,9.962642369,66720,20133,20133,1917.0131486861974,284.07997561452515,3911.1647312029995,0.31963646557848174,85.31264736871512,42.49382173184354
2016.0,Area 07 - Southeast Kansas,66852,12.4,33.47,0.0516,383.0,10.48767123,66852,20031,20031,1738.1054745727,283.36084497206696,3716.5362264799974,0.3431795252210979,84.30070957262578,40.98893456843574
2016.0,Area 07 - Southeast Kansas,67301,12.4,33.09,0.0492,378.0,9.673972603,67301,20125,20125,1793.7274209550008,284.5259123463687,4070.5237401570007,0.3453422776648364,84.67345268156431,40.7737412346369
2016.0,Area 08A - Central Kansas,67457,10.85,29.78,0.0475,368.0,10.94694335,67457,20159,20159,1144.0456502639,283.67677756052154,2844.4567248610006,0.40566480300181984,83.91112756610805,34.7294474227188
2016.0,Area 08A - Central Kansas,67530,10.05,31.93,0.0499,385.0,11.89638688,67530,20009,20009,953.9697789167998,283.9232683426441,2929.466764192,0.46059744417437665,83.13940876350098,32.26664180167601
2016.0,Area 08A - Central Kansas,67530,10.05,31.93,0.0499,385.0,11.89638688,67530,20185,20185,681.8682992913003,284.53407005586604,1975.3116748500004,0.42204981266737956,84.69013741061457,32.62437004748604
2016.0,Area 08A - Central Kansas,67554,11.0,34.2,0.040999999999999995,384.0,11.93438202,67554,20159,20159,1144.0456502639,283.67677756052154,2844.4567248610006,0.40566480300181984,83.91112756610805,34.7294474227188
2016.0,Area 08A - Central Kansas,67451,10.15,33.6,0.045,393.0,10.53845298,67451,20115,20115,1621.524083391299,283.4495815502794,3739.789034889002,0.38360857413118427,83.73071249581004,38.2093416571229
2016.0,Area 08A - Central Kansas,67449,11.9,33.61,0.0493,397.0,11.31713961,67449,20127,20127,1673.8465226465007,282.8950348463686,3562.4546023050007,0.36027035429303345,84.09003664245807,39.96659942248603
2016.0,Area 08A - Central Kansas,67063,10.6,28.45,0.0441,417.0,10.13870246,67063,20115,20115,1621.524083391299,283.4495815502794,3739.789034889002,0.38360857413118427,83.73071249581004,38.2093416571229
2016.0,Area 08A - Central Kansas,66861,10.4,31.6,0.0455,419.0,11.31428571,66861,20115,20115,1621.524083391299,283.4495815502794,3739.789034889002,0.38360857413118427,83.73071249581004,38.2093416571229
2016.0,Area 08A - Central Kansas,67448,10.3,30.46,0.0455,365.0,10.63455964,67448,20113,20113,1636.196886162751,283.5517720251398,3791.6871650770004,0.3540585142566856,85.26337140782117,37.204835807262576
2016.0,Area 08A - Central Kansas,67448,10.35,32.35,0.0474,347.0,10.98404908,67448,20113,20113,1636.196886162751,283.5517720251398,3791.6871650770004,0.3540585142566856,85.26337140782117,37.204835807262576
2016.0,Area 08A - Central Kansas,67063,10.25,32.01,0.0533,370.0,10.76590529,67063,20115,20115,1621.524083391299,283.4495815502794,3739.789034889002,0.38360857413118427,83.73071249581004,38.2093416571229
2016.0,Area 08A - Central Kansas,67648,9.7,30.24,0.0479,401.0,12.24008859,67648,20141,20141,993.3242951041997,282.515767094972,2640.188137795002,0.37512067306464986,85.16337771135944,33.121456815642475
2016.0,Area 08A - Central Kansas,67431,9.35,30.69,0.0499,397.0,10.6007722,67431,20061,20061,1695.4519906096007,283.1874771089383,3691.7806113383967,0.3825571035941481,83.43474365363133,39.196076273743
2016.0,Area 08 - W. Central Kansas,67846,10.7,34.39,0.0433,391.0,12.43628219,67846,20069,20069,733.5372400072999,283.45677806331474,2849.201232576002,0.5096077546776371,82.9446756163873,28.118491383612707
2016.0,Area 08 - W. Central Kansas,67861,11.0,34.39,0.0422,335.0,10.82696629,67861,20203,20203,592.5786982523999,282.4029572439481,2606.7403259060006,0.5085564553842774,82.7769549553073,26.822035655493497
2016.0,Area 08 - W. Central Kansas,67861,12.4,34.53,0.0425,370.0,12.21552511,67861,20203,20203,592.5786982523999,282.4029572439481,2606.7403259060006,0.5085564553842774,82.7769549553073,26.822035655493497
2016.0,Area 08 - W. Central Kansas,67863,10.6,35.05,0.0447,407.0,11.87114094,67863,20203,20203,592.5786982523999,282.4029572439481,2606.7403259060006,0.5085564553842774,82.7769549553073,26.822035655493497
2016.0,Area 08 - W. Central Kansas,67863,10.3,34.26,0.0466,394.0,13.29319955,67863,20203,20203,592.5786982523999,282.4029572439481,2606.7403259060006,0.5085564553842774,82.7769549553073,26.822035655493497
2016.0,Area 08 - W. Central Kansas,67846,11.8,34.08,0.04,366.0,12.20226757,67846,20069,20069,733.5372400072999,283.45677806331474,2849.201232576002,0.5096077546776371,82.9446756163873,28.118491383612707
2016.0,Area 08 - W. Central Kansas,67761,10.15,28.14,0.048,388.0,12.84986088,67761,20199,20199,911.6690182587695,282.24250967877106,3370.134095115002,0.5039149153225363,82.09365707262565,27.858752703910618
2016.0,Area 09 - E. Central Kansas,66067,9.75,33.79,0.046,397.0,10.56975069,66067,20059,20059,1911.2714641360008,283.4154164525142,3752.6176500999995,0.34821274265093766,84.15271625279337,41.14086161871511
2016.0,Area 09 - E. Central Kansas,66071,11.0,34.2,0.0451,358.0,10.0952809,66071,20121,20121,2021.0064925585011,283.2057238268155,3657.943267140299,0.3479457683045099,83.60374594413408,42.612095856145274
2016.0,Area 09 - E. Central Kansas,66006,10.95,33.55,0.0469,418.0,11.54227962,66006,20045,20045,1919.6937176509002,283.2979087290502,3728.4149161704995,0.34959412398860745,84.16832933240222,42.23302347625695
2016.0,Area 09 - E. Central Kansas,66006,10.95,33.55,0.0469,418.0,11.54227962,66006,20059,20059,1911.2714641360008,283.4154164525142,3752.6176500999995,0.34821274265093766,84.15271625279337,41.14086161871511
2016.0,Area 09 - E. Central Kansas,66046,10.55,28.01,0.0504,421.0,11.21520402,66046,20045,20045,1919.6937176509002,283.2979087290502,3728.4149161704995,0.34959412398860745,84.16832933240222,42.23302347625695
2016.0,Area 09 - E. Central Kansas,66523,11.4,28.64,0.0544,383.0,10.9255079,66523,20139,20139,1995.4943384624012,283.15311945530743,3673.306091989999,0.3372427189036251,84.65769329608936,40.75531379888266
2016.0,Area 09 - E. Central Kansas,66523,11.4,28.64,0.0544,383.0,10.9255079,66523,20111,20111,1715.7383463917004,283.22304513966446,3658.2479505200013,0.3489717337309643,84.31427581564239,40.4673839930168
2016.0,Area 09 - E. Central Kansas,66868,11.7,30.71,0.0495,375.0,10.83306908,66868,20139,20139,1995.4943384624012,283.15311945530743,3673.306091989999,0.3372427189036251,84.65769329608936,40.75531379888266
2016.0,Area 09 - E. Central Kansas,66868,11.7,30.71,0.0495,375.0,10.83306908,66868,20031,20031,1738.1054745727,283.36084497206696,3716.5362264799974,0.3431795252210979,84.30070957262578,40.98893456843574
2016.0,Area 09 - E. Central Kansas,66868,11.7,30.71,0.0495,375.0,10.83306908,66868,20111,20111,1715.7383463917004,283.22304513966446,3658.2479505200013,0.3489717337309643,84.31427581564239,40.4673839930168
2016.0,Area 09 - E. Central Kansas,66032,10.45,31.88,0.0527,419.0,10.72116136,66032,20003,20003,1796.439732373001,283.4916215782122,3756.032771283996,0.33426718705939834,84.43446107402237,41.44612196508373
2016.0,Area 09 - E. Central Kansas,66080,10.7,33.1,0.0496,426.0,11.60851064,66080,20059,20059,1911.2714641360008,283.4154164525142,3752.6176500999995,0.34821274265093766,84.15271625279337,41.14086161871511
2016.0,Area 09 - E. Central Kansas,66080,10.7,33.1,0.0496,426.0,11.60851064,66080,20003,20003,1796.439732373001,283.4916215782122,3756.032771283996,0.33426718705939834,84.43446107402237,41.44612196508373
2016.0,Area 09 - E. Central Kansas,66510,10.15,31.72,0.0494,392.0,10.89104062,66510,20139,20139,1995.4943384624012,283.15311945530743,3673.306091989999,0.3372427189036251,84.65769329608936,40.75531379888266
2016.0,Area 09 - E. Central Kansas,66871,11.0,31.81,0.0453,369.0,11.97393258,66871,20031,20031,1738.1054745727,283.36084497206696,3716.5362264799974,0.3431795252210979,84.30070957262578,40.98893456843574
2016.0,Area 09 - E. Central Kansas,66871,11.0,31.81,0.0453,369.0,11.97393258,66871,20139,20139,1995.4943384624012,283.15311945530743,3673.306091989999,0.3372427189036251,84.65769329608936,40.75531379888266
2016.0,Area 09 - E. Central Kansas,66801,9.85,27.97,0.0518,396.0,11.09883527,66801,20111,20111,1715.7383463917004,283.22304513966446,3658.2479505200013,0.3489717337309643,84.31427581564239,40.4673839930168
2016.0,Area 09 - E. Central Kansas,66834,10.15,29.13,0.0541,361.0,12.52665554,66834,20127,20127,1673.8465226465007,282.8950348463686,3562.4546023050007,0.36027035429303345,84.09003664245807,39.96659942248603
2016.0,Area 09 - E. Central Kansas,66834,10.15,29.13,0.0541,361.0,12.52665554,66834,20197,20197,449.4018515066,284.63818715083795,1008.2153618313998,0.3336468137434355,86.344347452514,39.97935311173183
2016.0,Area 09 - E. Central Kansas,66413,10.35,30.08,0.051,441.0,10.96441718,66413,20139,20139,1995.4943384624012,283.15311945530743,3673.306091989999,0.3372427189036251,84.65769329608936,40.75531379888266
2016.0,Area 09 - E. Central Kansas,66846,9.8,28.84,0.0571,395.0,11.72682927,66846,20127,20127,1673.8465226465007,282.8950348463686,3562.4546023050007,0.36027035429303345,84.09003664245807,39.96659942248603
2016.0,Area 09 - E. Central Kansas,66537,10.8,28.24,0.0559,360.0,10.86188341,66537,20139,20139,1995.4943384624012,283.15311945530743,3673.306091989999,0.3372427189036251,84.65769329608936,40.75531379888266
2016.0,Area 09 - E. Central Kansas,66524,10.85,27.47,0.052000000000000005,416.0,10.54223219,66524,20045,20045,1919.6937176509002,283.2979087290502,3728.4149161704995,0.34959412398860745,84.16832933240222,42.23302347625695
2016.0,Area 09 - E. Central Kansas,66524,10.85,27.47,0.052000000000000005,416.0,10.54223219,66524,20139,20139,1995.4943384624012,283.15311945530743,3673.306091989999,0.3372427189036251,84.65769329608936,40.75531379888266
2016.0,Area 09 - E. Central Kansas,66524,10.85,27.47,0.052000000000000005,416.0,10.54223219,66524,20059,20059,1911.2714641360008,283.4154164525142,3752.6176500999995,0.34821274265093766,84.15271625279337,41.14086161871511
2016.0,Area 09 - E. Central Kansas,66524,10.85,27.47,0.052000000000000005,416.0,10.54223219,66524,20177,20177,1877.0023717121605,283.07881350558654,3682.8153577259977,0.3450762895357441,84.80815338128497,40.50596915921789
2016.0,Area 09 - E. Central Kansas,66618,10.6,33.64,0.0536,395.0,11.50693512,66618,20085,20085,1874.1783611460005,282.55838885474867,3536.0101942302013,0.3280336119008171,85.36560404888273,40.42655391759775
2016.0,Area 09 - E. Central Kansas,66618,10.6,33.64,0.0536,395.0,11.50693512,66618,20177,20177,1877.0023717121605,283.07881350558654,3682.8153577259977,0.3450762895357441,84.80815338128497,40.50596915921789
2016.0,Area 10A - N. Central Kansas,67663,11.35,33.47,0.0501,350.0,11.51494642,67663,20163,20163,619.4474172270001,283.00691527932946,1754.3696572489998,0.37299226753125675,86.31032570391056,32.57968805027933
2016.0,Area 10A - N. Central Kansas,67651,10.9,30.83,0.0472,410.0,11.69382716,67651,20141,20141,993.3242951041997,282.515767094972,2640.188137795002,0.37512067306464986,85.16337771135944,33.121456815642475
2016.0,Area 10A - N. Central Kansas,67651,10.9,30.83,0.0472,410.0,11.69382716,67651,20163,20163,619.4474172270001,283.00691527932946,1754.3696572489998,0.37299226753125675,86.31032570391056,32.57968805027933
2016.0,Area 10A - N. Central Kansas,67669,11.8,30.56,0.0488,369.0,10.8952381,67669,20163,20163,619.4474172270001,283.00691527932946,1754.3696572489998,0.37299226753125675,86.31032570391056,32.57968805027933
2016.0,Area 10A - N. Central Kansas,67623,10.95,33.82,0.0486,392.0,10.96911847,67623,20141,20141,993.3242951041997,282.515767094972,2640.188137795002,0.37512067306464986,85.16337771135944,33.121456815642475
2016.0,Area 10A - N. Central Kansas,67669,11.2,32.09,0.046,355.0,11.4954955,67669,20163,20163,619.4474172270001,283.00691527932946,1754.3696572489998,0.37299226753125675,86.31032570391056,32.57968805027933
2016.0,Area 10A - N. Central Kansas,66901,10.75,32.0,0.048,392.0,11.38823529,66901,20029,20029,1141.4687873369,283.1944213594043,2678.463680046001,0.33716029071427084,84.74376413966476,38.12012470577282
2016.0,Area 10A - N. Central Kansas,67010,10.45,30.98,0.0471,390.0,12.39173646,67010,20015,20015,1779.1324953130002,283.8255455167599,3866.801331567999,0.3879639104666346,83.80757262569831,37.64632328910609
2016.0,Area 10A - N. Central Kansas,67669,11.2,33.81,0.046,347.0,10.93063063,67669,20163,20163,619.4474172270001,283.00691527932946,1754.3696572489998,0.37299226753125675,86.31032570391056,32.57968805027933
2016.0,Area 10A - N. Central Kansas,67420,10.8,28.18,0.0488,390.0,12.30224215,67420,20123,20123,1041.9736855154995,282.75755702048406,2678.5463883939997,0.3931119615353982,83.96718685474865,34.632906632216006
2016.0,Area 10A - N. Central Kansas,67430,11.35,32.22,0.0493,378.0,11.85245347,67430,20123,20123,1041.9736855154995,282.75755702048406,2678.5463883939997,0.3931119615353982,83.96718685474865,34.632906632216006
2016.0,Area 10A - N. Central Kansas,67473,10.7,29.43,0.0466,406.0,11.60851064,67473,20141,20141,993.3242951041997,282.515767094972,2640.188137795002,0.37512067306464986,85.16337771135944,33.121456815642475
2016.0,Area 10A - N. Central Kansas,67420,10.7,31.3,0.0496,376.0,12.19977604,67420,20123,20123,1041.9736855154995,282.75755702048406,2678.5463883939997,0.3931119615353982,83.96718685474865,34.632906632216006
2016.0,Area 10A - N. Central Kansas,67474,11.35,31.44,0.0467,381.0,11.8822335,67474,20141,20141,993.3242951041997,282.515767094972,2640.188137795002,0.37512067306464986,85.16337771135944,33.121456815642475
2016.0,Area 10A - N. Central Kansas,67446,10.8,30.35,0.0496,403.0,12.21345291,67446,20123,20123,1041.9736855154995,282.75755702048406,2678.5463883939997,0.3931119615353982,83.96718685474865,34.632906632216006
2016.0,Area 10A - N. Central Kansas,67437,10.65,29.67,0.0474,383.0,11.94672636,67437,20141,20141,993.3242951041997,282.515767094972,2640.188137795002,0.37512067306464986,85.16337771135944,33.121456815642475
2016.0,Area 10A - N. Central Kansas,67466,10.8,29.73,0.0496,376.0,10.930941699999998,67466,20029,20029,1141.4687873369,283.1944213594043,2678.463680046001,0.33716029071427084,84.74376413966476,38.12012470577282
2016.0,Area 10A - N. Central Kansas,67420,10.7,31.14,0.0503,365.0,11.99283315,67420,20123,20123,1041.9736855154995,282.75755702048406,2678.5463883939997,0.3931119615353982,83.96718685474865,34.632906632216006
2016.0,Area 10A - N. Central Kansas,66939,11.25,30.58,0.0501,381.0,11.21442254,66939,20157,20157,1485.4303491559,282.1360162011175,3396.281893694,0.3229578797009785,85.96145373882682,37.231188689944155
2016.0,Area 10A - N. Central Kansas,66411,11.6,33.55,0.0504,372.0,10.49230769,66411,20117,20117,1754.599520757999,281.957956578212,3343.706575642001,0.3000215828993869,86.15117562988823,39.87986593994414
2016.0,Area 10A - N. Central Kansas,66964,12.2,34.6,0.053,374.0,11.18542141,66964,20157,20157,1485.4303491559,282.1360162011175,3396.281893694,0.3229578797009785,85.96145373882682,37.231188689944155
2016.0,Area 10A - N. Central Kansas,66548,12.25,32.36,0.0474,401.0,11.38233618,66548,20201,20201,1092.6463656135004,282.5291377094973,2641.010773978899,0.3698096716076897,84.10191312662947,36.889189726256966
2016.0,Area 10A - N. Central Kansas,66548,12.25,32.36,0.0474,401.0,11.38233618,66548,20117,20117,1754.599520757999,281.957956578212,3343.706575642001,0.3000215828993869,86.15117562988823,39.87986593994414
2016.0,Area 10A - N. Central Kansas,67647,10.7,31.67,0.045,396.0,11.56909295,67647,20147,20147,869.0970136315,281.9816569832401,2489.5723560270026,0.3836698019180409,84.84130772439485,32.85906900931098
2016.0,Area 10A - N. Central Kansas,66935,12.0,32.39,0.049,389.0,11.36,66935,20157,20157,1485.4303491559,282.1360162011175,3396.281893694,0.3229578797009785,85.96145373882682,37.231188689944155
2016.0,Area 10A - N. Central Kansas,68310,11.4,32.6,0.05,379.0,10.48848758,68310,31067,31067,1672.907173681421,281.53516726256964,3224.0590478199993,0.2790719571547894,87.0446129790503,39.9175956801676
2016.0,Area 10A - N. Central Kansas,68310,11.4,32.6,0.05,379.0,10.48848758,68310,31095,31095,1614.30279095224,281.5783154608937,3242.311192205,0.2691796811900232,87.7035792625699,39.09318734078214
2016.0,Area 10A - N. Central Kansas,67661,10.7,28.05,0.0498,364.0,11.52967525,67661,20147,20147,869.0970136315,281.9816569832401,2489.5723560270026,0.3836698019180409,84.84130772439485,32.85906900931098
2016.0,Area 10A - N. Central Kansas,67621,11.05,32.06,0.047,359.0,11.81247892,67621,20147,20147,869.0970136315,281.9816569832401,2489.5723560270026,0.3836698019180409,84.84130772439485,32.85906900931098
2016.0,Area 10 - Northwest Kansas,67752,10.85,31.39,0.049,391.0,11.94391475,67752,20063,20063,996.1898166481212,282.4372940223463,3425.6614084630005,0.4116300819653885,84.54016499441343,30.48689018924579
2016.0,Area 10 - Northwest Kansas,67751,10.75,29.3,0.0503,365.0,13.00526611,67751,20063,20063,996.1898166481212,282.4372940223463,3425.6614084630005,0.4116300819653885,84.54016499441343,30.48689018924579
2016.0,Area 10 - Northwest Kansas,67740,10.9,30.07,0.047,420.0,13.78765432,67740,20179,20179,964.972797612,282.298750139665,3371.805356615,0.40507950648078456,84.78785282541898,30.647248124301683
2016.0,Area 10 - Northwest Kansas,67737,10.7,30.9,0.0487,389.0,12.81075028,67737,20063,20063,996.1898166481212,282.4372940223463,3425.6614084630005,0.4116300819653885,84.54016499441343,30.48689018924579
2016.0,Area 10 - Northwest Kansas,67635,10.65,28.48,0.0469,406.0,11.22775602,67635,20039,20039,685.9958617805997,282.3646583985101,2527.3162512990007,0.3624928479537374,86.62191047858475,30.691725363128462
2016.0,Area 10 - Northwest Kansas,67757,11.75,29.6,0.046,381.0,12.37484419,67757,20179,20179,964.972797612,282.298750139665,3371.805356615,0.40507950648078456,84.78785282541898,30.647248124301683
2016.0,Area 10 - Northwest Kansas,67735,10.95,30.78,0.0456,366.0,10.67265581,67735,20181,20181,996.6973100667996,281.68017182960904,3132.3200921222992,0.42702940212602436,83.6872857081005,30.0834612527933
2016.0,Area 10 - Northwest Kansas,67741,11.55,29.65,0.044000000000000004,401.0,10.87439231,67741,20181,20181,996.6973100667996,281.68017182960904,3132.3200921222992,0.42702940212602436,83.6872857081005,30.0834612527933
2016.0,Area 10 - Northwest Kansas,67643,11.2,35.0,0.052000000000000005,359.0,11.62432432,67643,20039,20039,685.9958617805997,282.3646583985101,2527.3162512990007,0.3624928479537374,86.62191047858475,30.691725363128462
2016.0,Area 10 - Northwest Kansas,67731,11.0,25.8,0.0466,408.0,12.89348315,67731,20023,20023,618.9683497548701,282.3441665642456,1624.851013586,0.3229798094725426,85.9317982597765,31.73408660335198
2016.0,Area 10 - Northwest Kansas,67749,11.55,29.61,0.046,397.0,12.17772753,67749,20039,20039,685.9958617805997,282.3646583985101,2527.3162512990007,0.3624928479537374,86.62191047858475,30.691725363128462
2016.0,Area 10 - Northwest Kansas,67739,11.65,32.83,0.0444,381.0,10.04006791,67739,20153,20153,787.6853724742498,282.2288389385472,2462.403142296001,0.39372605548726425,85.22011163500937,29.769181688081922
2016.0,Area 10 - Northwest Kansas,67756,12.1,29.3,0.046,365.0,11.25278726,67756,20023,20023,618.9683497548701,282.3441665642456,1624.851013586,0.3229798094725426,85.9317982597765,31.73408660335198
2016.0,Area 10 - Northwest Kansas,67756,11.65,31.66,0.0428,413.0,10.85681947,67756,20023,20023,618.9683497548701,282.3441665642456,1624.851013586,0.3229798094725426,85.9317982597765,31.73408660335198
2016.0,Area 11 - Northeast Kansas,66534,12.0,34.98,0.0436,364.0,10.88,66534,20013,20013,1850.9290759915996,282.25373099162,3431.976629571997,0.31543152492665794,85.5076027122904,41.239407081005574
2016.0,Area 11 - Northeast Kansas,66534,12.0,34.98,0.0436,364.0,10.88,66534,20131,20131,1800.2760698917016,282.03694723463695,3361.639554654,0.3131541216358491,85.52874772625701,40.603801575419034
2016.0,Area 11 - Northeast Kansas,66534,12.2,34.76,0.0483,361.0,11.80683371,66534,20013,20013,1850.9290759915996,282.25373099162,3431.976629571997,0.31543152492665794,85.5076027122904,41.239407081005574
2016.0,Area 11 - Northeast Kansas,66534,12.2,34.76,0.0483,361.0,11.80683371,66534,20131,20131,1800.2760698917016,282.03694723463695,3361.639554654,0.3131541216358491,85.52874772625701,40.603801575419034
2016.0,Area 11 - Northeast Kansas,66538,11.9,28.04,0.0508,400.0,11.58683314,66538,20131,20131,1800.2760698917016,282.03694723463695,3361.639554654,0.3131541216358491,85.52874772625701,40.603801575419034
2016.0,Area 11 - Northeast Kansas,66403,12.2,31.89,0.0499,366.0,10.523918,66403,20117,20117,1754.599520757999,281.957956578212,3343.706575642001,0.3000215828993869,86.15117562988823,39.87986593994414
2016.0,Area 11 - Northeast Kansas,66415,10.9,27.62,0.0505,391.0,11.35802469,66415,20131,20131,1800.2760698917016,282.03694723463695,3361.639554654,0.3131541216358491,85.52874772625701,40.603801575419034
2016.0,Area 11 - Northeast Kansas,66406,12.4,30.13,0.0446,350.0,10.39726027,66406,20117,20117,1754.599520757999,281.957956578212,3343.706575642001,0.3000215828993869,86.15117562988823,39.87986593994414
2016.0,Area 11 - Northeast Kansas,66427,11.3,31.6,0.0438,351.0,10.4270575,66427,20117,20117,1754.599520757999,281.957956578212,3343.706575642001,0.3000215828993869,86.15117562988823,39.87986593994414
2016.0,Area 11 - Northeast Kansas,66417,11.9,30.35,0.0465,388.0,10.96753689,66417,20131,20131,1800.2760698917016,282.03694723463695,3361.639554654,0.3131541216358491,85.52874772625701,40.603801575419034
2016.0,Area 11 - Northeast Kansas,66547,11.7,26.81,0.0447,395.0,11.80973952,66547,20149,20149,1232.4374305392,283.1062465549349,2756.6654401879973,0.395936808774211,83.18170455121042,38.18384529795161
2016.0,Area 11 - Northeast Kansas,66407,11.7,28.94,0.0519,367.0,10.98255946,66407,20149,20149,1232.4374305392,283.1062465549349,2756.6654401879973,0.395936808774211,83.18170455121042,38.18384529795161
2016.0,Area 11 - Northeast Kansas,66536,11.2,28.16,0.0555,399.0,11.21801802,66536,20177,20177,1877.0023717121605,283.07881350558654,3682.8153577259977,0.3450762895357441,84.80815338128497,40.50596915921789
2016.0,Area 11 - Northeast Kansas,66536,11.2,28.16,0.0555,399.0,11.21801802,66536,20149,20149,1232.4374305392,283.1062465549349,2756.6654401879973,0.395936808774211,83.18170455121042,38.18384529795161
2016.0,Area 11 - Northeast Kansas,66544,12.3,32.4,0.0511,392.0,11.97080958,66544,20131,20131,1800.2760698917016,282.03694723463695,3361.639554654,0.3131541216358491,85.52874772625701,40.603801575419034
2016.0,Area 11 - Northeast Kansas,66544,12.3,32.4,0.0511,392.0,11.97080958,66544,20117,20117,1754.599520757999,281.957956578212,3343.706575642001,0.3000215828993869,86.15117562988823,39.87986593994414
2016.0,Area 11 - Northeast Kansas,66041,11.25,27.25,0.0522,398.0,11.402816900000001,66041,20043,20043,1237.2755132398995,282.48668424581035,2599.071867523998,0.35594839692331826,83.49889081191806,40.82472013594045
2016.0,Area 11 - Northeast Kansas,66041,11.25,27.25,0.0522,398.0,11.402816900000001,66041,20005,20005,1844.94360603796,282.6450129050281,3550.9407399329,0.3510217100991446,84.226789476257,41.181728196927374
2016.0,Area 11 - Northeast Kansas,66527,11.3,30.83,0.0483,382.0,11.02232244,66527,20013,20013,1850.9290759915996,282.25373099162,3431.976629571997,0.31543152492665794,85.5076027122904,41.239407081005574
